Workbook

Sheet Rimworld
A1: defName | B1: stuffCategory | C1: categoryKey | D1: StuffEffectMult | E1: Base_S | F1: Base_B | G1: Base_H | H1: LowEnd_S | I1: LowEnd_B | J1: LowEnd_H | K1: HighEnd_S | L1: HighEnd_B | M1: HighEnd_H
A2: Apparel_CowboyHat | B2: Fabric,Leathery | C2: Leathery | D2: 0.2 | E2: 0 | F2: 0 | G2: 0 | H2: =ROUND((E2+D2*VLOOKUP(C2,Constants!$A$6:$G$11,2,0))*Constants!$B$2,2) | I2: =ROUND((F2+D2*VLOOKUP(C2,Constants!$A$6:$G$11,3,0))*Constants!$B$2,2) | J2: =ROUND((G2+D2*VLOOKUP(C2,Constants!$A$6:$G$11,4,0))*Constants!$B$2,2) | K2: =ROUND((E2+D2*VLOOKUP(C2,Constants!$A$6:$G$11,5,0))*Constants!$B$1,2) | L2: =ROUND((F2+D2*VLOOKUP(C2,Constants!$A$6:$G$11,6,0))*Constants!$B$1,2) | M2: =ROUND((G2+D2*VLOOKUP(C2,Constants!$A$6:$G$11,7,0))*Constants!$B$1,2)
A3: Apparel_BowlerHat | B3: Fabric,Leathery | C3: Leathery | D3: 0.2 | E3: 0 | F3: 0 | G3: 0 | H3: =ROUND((E3+D3*VLOOKUP(C3,Constants!$A$6:$G$11,2,0))*Constants!$B$2,2) | I3: =ROUND((F3+D3*VLOOKUP(C3,Constants!$A$6:$G$11,3,0))*Constants!$B$2,2) | J3: =ROUND((G3+D3*VLOOKUP(C3,Constants!$A$6:$G$11,4,0))*Constants!$B$2,2) | K3: =ROUND((E3+D3*VLOOKUP(C3,Constants!$A$6:$G$11,5,0))*Constants!$B$1,2) | L3: =ROUND((F3+D3*VLOOKUP(C3,Constants!$A$6:$G$11,6,0))*Constants!$B$1,2) | M3: =ROUND((G3+D3*VLOOKUP(C3,Constants!$A$6:$G$11,7,0))*Constants!$B$1,2)
A4: Apparel_TribalHeaddress | B4: Fabric | C4: Leathery | D4: 0.2 | E4: 0 | F4: 0 | G4: 0 | H4: =ROUND((E4+D4*VLOOKUP(C4,Constants!$A$6:$G$11,2,0))*Constants!$B$2,2) | I4: =ROUND((F4+D4*VLOOKUP(C4,Constants!$A$6:$G$11,3,0))*Constants!$B$2,2) | J4: =ROUND((G4+D4*VLOOKUP(C4,Constants!$A$6:$G$11,4,0))*Constants!$B$2,2) | K4: =ROUND((E4+D4*VLOOKUP(C4,Constants!$A$6:$G$11,5,0))*Constants!$B$1,2) | L4: =ROUND((F4+D4*VLOOKUP(C4,Constants!$A$6:$G$11,6,0))*Constants!$B$1,2) | M4: =ROUND((G4+D4*VLOOKUP(C4,Constants!$A$6:$G$11,7,0))*Constants!$B$1,2)
A5: Apparel_Tuque | B5: Fabric | C5: Leathery | D5: 0.2 | E5: 0 | F5: 0 | G5: 0 | H5: =ROUND((E5+D5*VLOOKUP(C5,Constants!$A$6:$G$11,2,0))*Constants!$B$2,2) | I5: =ROUND((F5+D5*VLOOKUP(C5,Constants!$A$6:$G$11,3,0))*Constants!$B$2,2) | J5: =ROUND((G5+D5*VLOOKUP(C5,Constants!$A$6:$G$11,4,0))*Constants!$B$2,2) | K5: =ROUND((E5+D5*VLOOKUP(C5,Constants!$A$6:$G$11,5,0))*Constants!$B$1,2) | L5: =ROUND((F5+D5*VLOOKUP(C5,Constants!$A$6:$G$11,6,0))*Constants!$B$1,2) | M5: =ROUND((G5+D5*VLOOKUP(C5,Constants!$A$6:$G$11,7,0))*Constants!$B$1,2)
A6: Apparel_SimpleHelmet | B6: Metallic | C6: Metallic | D6: 0.5 | E6: 0 | F6: 0 | G6: 0 | H6: =ROUND((E6+D6*VLOOKUP(C6,Constants!$A$6:$G$11,2,0))*Constants!$B$2,2) | I6: =ROUND((F6+D6*VLOOKUP(C6,Constants!$A$6:$G$11,3,0))*Constants!$B$2,2) | J6: =ROUND((G6+D6*VLOOKUP(C6,Constants!$A$6:$G$11,4,0))*Constants!$B$2,2) | K6: =ROUND((E6+D6*VLOOKUP(C6,Constants!$A$6:$G$11,5,0))*Constants!$B$1,2) | L6: =ROUND((F6+D6*VLOOKUP(C6,Constants!$A$6:$G$11,6,0))*Constants!$B$1,2) | M6: =ROUND((G6+D6*VLOOKUP(C6,Constants!$A$6:$G$11,7,0))*Constants!$B$1,2)
A7: Apparel_AdvancedHelmet | B7: Metallic | C7: Metallic | D7: 0.7 | E7: 0 | F7: 0 | G7: 0 | H7: =ROUND((E7+D7*VLOOKUP(C7,Constants!$A$6:$G$11,2,0))*Constants!$B$2,2) | I7: =ROUND((F7+D7*VLOOKUP(C7,Constants!$A$6:$G$11,3,0))*Constants!$B$2,2) | J7: =ROUND((G7+D7*VLOOKUP(C7,Constants!$A$6:$G$11,4,0))*Constants!$B$2,2) | K7: =ROUND((E7+D7*VLOOKUP(C7,Constants!$A$6:$G$11,5,0))*Constants!$B$1,2) | L7: =ROUND((F7+D7*VLOOKUP(C7,Constants!$A$6:$G$11,6,0))*Constants!$B$1,2) | M7: =ROUND((G7+D7*VLOOKUP(C7,Constants!$A$6:$G$11,7,0))*Constants!$B$1,2)
A8: Apparel_PsychicFoilHelmet | B8: Fixed | C8: Fixed | D8: 0 | E8: 0.09 | F8: 0.09 | G8: 0.27 | H8: =ROUND((E8+D8*VLOOKUP(C8,Constants!$A$6:$G$11,2,0))*Constants!$B$2,2) | I8: =ROUND((F8+D8*VLOOKUP(C8,Constants!$A$6:$G$11,3,0))*Constants!$B$2,2) | J8: =ROUND((G8+D8*VLOOKUP(C8,Constants!$A$6:$G$11,4,0))*Constants!$B$2,2) | K8: =ROUND((E8+D8*VLOOKUP(C8,Constants!$A$6:$G$11,5,0))*Constants!$B$1,2) | L8: =ROUND((F8+D8*VLOOKUP(C8,Constants!$A$6:$G$11,6,0))*Constants!$B$1,2) | M8: =ROUND((G8+D8*VLOOKUP(C8,Constants!$A$6:$G$11,7,0))*Constants!$B$1,2)
A9: Apparel_HatHood | B9: Fabric,Leathery | C9: Leathery | D9: 0.2 | E9: 0 | F9: 0 | G9: 0 | H9: =ROUND((E9+D9*VLOOKUP(C9,Constants!$A$6:$G$11,2,0))*Constants!$B$2,2) | I9: =ROUND((F9+D9*VLOOKUP(C9,Constants!$A$6:$G$11,3,0))*Constants!$B$2,2) | J9: =ROUND((G9+D9*VLOOKUP(C9,Constants!$A$6:$G$11,4,0))*Constants!$B$2,2) | K9: =ROUND((E9+D9*VLOOKUP(C9,Constants!$A$6:$G$11,5,0))*Constants!$B$1,2) | L9: =ROUND((F9+D9*VLOOKUP(C9,Constants!$A$6:$G$11,6,0))*Constants!$B$1,2) | M9: =ROUND((G9+D9*VLOOKUP(C9,Constants!$A$6:$G$11,7,0))*Constants!$B$1,2)
A10: Apparel_ClothMask | B10: Fabric | C10: Leathery | D10: 0.2 | E10: 0 | F10: 0 | G10: 0 | H10: =ROUND((E10+D10*VLOOKUP(C10,Constants!$A$6:$G$11,2,0))*Constants!$B$2,2) | I10: =ROUND((F10+D10*VLOOKUP(C10,Constants!$A$6:$G$11,3,0))*Constants!$B$2,2) | J10: =ROUND((G10+D10*VLOOKUP(C10,Constants!$A$6:$G$11,4,0))*Constants!$B$2,2) | K10: =ROUND((E10+D10*VLOOKUP(C10,Constants!$A$6:$G$11,5,0))*Constants!$B$1,2) | L10: =ROUND((F10+D10*VLOOKUP(C10,Constants!$A$6:$G$11,6,0))*Constants!$B$1,2) | M10: =ROUND((G10+D10*VLOOKUP(C10,Constants!$A$6:$G$11,7,0))*Constants!$B$1,2)
A11: Apparel_TribalA | B11: Fabric,Leathery | C11: Leathery | D11: 0.2 | E11: 0 | F11: 0 | G11: 0 | H11: =ROUND((E11+D11*VLOOKUP(C11,Constants!$A$6:$G$11,2,0))*Constants!$B$2,2) | I11: =ROUND((F11+D11*VLOOKUP(C11,Constants!$A$6:$G$11,3,0))*Constants!$B$2,2) | J11: =ROUND((G11+D11*VLOOKUP(C11,Constants!$A$6:$G$11,4,0))*Constants!$B$2,2) | K11: =ROUND((E11+D11*VLOOKUP(C11,Constants!$A$6:$G$11,5,0))*Constants!$B$1,2) | L11: =ROUND((F11+D11*VLOOKUP(C11,Constants!$A$6:$G$11,6,0))*Constants!$B$1,2) | M11: =ROUND((G11+D11*VLOOKUP(C11,Constants!$A$6:$G$11,7,0))*Constants!$B$1,2)
A12: Apparel_Parka | B12: Fabric,Leathery | C12: Leathery | D12: 0.2 | E12: 0 | F12: 0 | G12: 0 | H12: =ROUND((E12+D12*VLOOKUP(C12,Constants!$A$6:$G$11,2,0))*Constants!$B$2,2) | I12: =ROUND((F12+D12*VLOOKUP(C12,Constants!$A$6:$G$11,3,0))*Constants!$B$2,2) | J12: =ROUND((G12+D12*VLOOKUP(C12,Constants!$A$6:$G$11,4,0))*Constants!$B$2,2) | K12: =ROUND((E12+D12*VLOOKUP(C12,Constants!$A$6:$G$11,5,0))*Constants!$B$1,2) | L12: =ROUND((F12+D12*VLOOKUP(C12,Constants!$A$6:$G$11,6,0))*Constants!$B$1,2) | M12: =ROUND((G12+D12*VLOOKUP(C12,Constants!$A$6:$G$11,7,0))*Constants!$B$1,2)
A13: Apparel_Pants | B13: Fabric,Leathery | C13: Leathery | D13: 0.2 | E13: 0 | F13: 0 | G13: 0 | H13: =ROUND((E13+D13*VLOOKUP(C13,Constants!$A$6:$G$11,2,0))*Constants!$B$2,2) | I13: =ROUND((F13+D13*VLOOKUP(C13,Constants!$A$6:$G$11,3,0))*Constants!$B$2,2) | J13: =ROUND((G13+D13*VLOOKUP(C13,Constants!$A$6:$G$11,4,0))*Constants!$B$2,2) | K13: =ROUND((E13+D13*VLOOKUP(C13,Constants!$A$6:$G$11,5,0))*Constants!$B$1,2) | L13: =ROUND((F13+D13*VLOOKUP(C13,Constants!$A$6:$G$11,6,0))*Constants!$B$1,2) | M13: =ROUND((G13+D13*VLOOKUP(C13,Constants!$A$6:$G$11,7,0))*Constants!$B$1,2)
... A73: Apparel_VacsuitChildren | B73: Fixed | C73: Fixed | D73: 0 | E73: 0.52 | F73: 0.2 | G73: 0.66 | H73: =ROUND((E73+D73*VLOOKUP(C73,Constants!$A$6:$G$11,2,0))*Constants!$B$2,2) | I73: =ROUND((F73+D73*VLOOKUP(C73,Constants!$A$6:$G$11,3,0))*Constants!$B$2,2) | J73: =ROUND((G73+D73*VLOOKUP(C73,Constants!$A$6:$G$11,4,0))*Constants!$B$2,2) | K73: =ROUND((E73+D73*VLOOKUP(C73,Constants!$A$6:$G$11,5,0))*Constants!$B$1,2) | L73: =ROUND((F73+D73*VLOOKUP(C73,Constants!$A$6:$G$11,6,0))*Constants!$B$1,2) | M73: =ROUND((G73+D73*VLOOKUP(C73,Constants!$A$6:$G$11,7,0))*Constants!$B$1,2)

Sheet Ratkin
A1: defName | B1: stuffCategory | C1: categoryKey | D1: StuffEffectMult | E1: Base_S | F1: Base_B | G1: Base_H | H1: LowEnd_S | I1: LowEnd_B | J1: LowEnd_H | K1: HighEnd_S | L1: HighEnd_B | M1: HighEnd_H
A2: RK_Plate | B2: Metallic | C2: Metallic | D2: 0.63 | E2: 0.25 | F2: 0.3 | G2: 0 | H2: =ROUND((E2+D2*VLOOKUP(C2,Constants!$A$6:$G$11,2,0))*Constants!$B$2,2) | I2: =ROUND((F2+D2*VLOOKUP(C2,Constants!$A$6:$G$11,3,0))*Constants!$B$2,2) | J2: =ROUND((G2+D2*VLOOKUP(C2,Constants!$A$6:$G$11,4,0))*Constants!$B$2,2) | K2: =ROUND((E2+D2*VLOOKUP(C2,Constants!$A$6:$G$11,5,0))*Constants!$B$1,2) | L2: =ROUND((F2+D2*VLOOKUP(C2,Constants!$A$6:$G$11,6,0))*Constants!$B$1,2) | M2: =ROUND((G2+D2*VLOOKUP(C2,Constants!$A$6:$G$11,7,0))*Constants!$B$1,2)
A3: RK_SantaRobe | B3: Fabric,Leathery | C3: Leathery | D3: 0.32 | E3: 0 | F3: 0 | G3: 0 | H3: =ROUND((E3+D3*VLOOKUP(C3,Constants!$A$6:$G$11,2,0))*Constants!$B$2,2) | I3: =ROUND((F3+D3*VLOOKUP(C3,Constants!$A$6:$G$11,3,0))*Constants!$B$2,2) | J3: =ROUND((G3+D3*VLOOKUP(C3,Constants!$A$6:$G$11,4,0))*Constants!$B$2,2) | K3: =ROUND((E3+D3*VLOOKUP(C3,Constants!$A$6:$G$11,5,0))*Constants!$B$1,2) | L3: =ROUND((F3+D3*VLOOKUP(C3,Constants!$A$6:$G$11,6,0))*Constants!$B$1,2) | M3: =ROUND((G3+D3*VLOOKUP(C3,Constants!$A$6:$G$11,7,0))*Constants!$B$1,2)
A4: RK_SantaHat | B4: Fabric,Leathery | C4: Leathery | D4: 0 | E4: 0 | F4: 0 | G4: 0 | H4: =ROUND((E4+D4*VLOOKUP(C4,Constants!$A$6:$G$11,2,0))*Constants!$B$2,2) | I4: =ROUND((F4+D4*VLOOKUP(C4,Constants!$A$6:$G$11,3,0))*Constants!$B$2,2) | J4: =ROUND((G4+D4*VLOOKUP(C4,Constants!$A$6:$G$11,4,0))*Constants!$B$2,2) | K4: =ROUND((E4+D4*VLOOKUP(C4,Constants!$A$6:$G$11,5,0))*Constants!$B$1,2) | L4: =ROUND((F4+D4*VLOOKUP(C4,Constants!$A$6:$G$11,6,0))*Constants!$B$1,2) | M4: =ROUND((G4+D4*VLOOKUP(C4,Constants!$A$6:$G$11,7,0))*Constants!$B$1,2)
A5: RK_SantaSack | B5: Leathery,Fabric | C5: Leathery | D5: 0 | E5: 0 | F5: 0 | G5: 0 | H5: =ROUND((E5+D5*VLOOKUP(C5,Constants!$A$6:$G$11,2,0))*Constants!$B$2,2) | I5: =ROUND((F5+D5*VLOOKUP(C5,Constants!$A$6:$G$11,3,0))*Constants!$B$2,2) | J5: =ROUND((G5+D5*VLOOKUP(C5,Constants!$A$6:$G$11,4,0))*Constants!$B$2,2) | K5: =ROUND((E5+D5*VLOOKUP(C5,Constants!$A$6:$G$11,5,0))*Constants!$B$1,2) | L5: =ROUND((F5+D5*VLOOKUP(C5,Constants!$A$6:$G$11,6,0))*Constants!$B$1,2) | M5: =ROUND((G5+D5*VLOOKUP(C5,Constants!$A$6:$G$11,7,0))*Constants!$B$1,2)
A6: RK_WhiteCoat | B6: Fixed | C6: Fixed | D6: 0 | E6: 0.75 | F6: 0.35 | G6: 0.6 | H6: =ROUND((E6+D6*VLOOKUP(C6,Constants!$A$6:$G$11,2,0))*Constants!$B$2,2) | I6: =ROUND((F6+D6*VLOOKUP(C6,Constants!$A$6:$G$11,3,0))*Constants!$B$2,2) | J6: =ROUND((G6+D6*VLOOKUP(C6,Constants!$A$6:$G$11,4,0))*Constants!$B$2,2) | K6: =ROUND((E6+D6*VLOOKUP(C6,Constants!$A$6:$G$11,5,0))*Constants!$B$1,2) | L6: =ROUND((F6+D6*VLOOKUP(C6,Constants!$A$6:$G$11,6,0))*Constants!$B$1,2) | M6: =ROUND((G6+D6*VLOOKUP(C6,Constants!$A$6:$G$11,7,0))*Constants!$B$1,2)
A7: RK_Sack | B7: Leathery,Fabric | C7: Leathery | D7: 0 | E7: 0 | F7: 0 | G7: 0 | H7: =ROUND((E7+D7*VLOOKUP(C7,Constants!$A$6:$G$11,2,0))*Constants!$B$2,2) | I7: =ROUND((F7+D7*VLOOKUP(C7,Constants!$A$6:$G$11,3,0))*Constants!$B$2,2) | J7: =ROUND((G7+D7*VLOOKUP(C7,Constants!$A$6:$G$11,4,0))*Constants!$B$2,2) | K7: =ROUND((E7+D7*VLOOKUP(C7,Constants!$A$6:$G$11,5,0))*Constants!$B$1,2) | L7: =ROUND((F7+D7*VLOOKUP(C7,Constants!$A$6:$G$11,6,0))*Constants!$B$1,2) | M7: =ROUND((G7+D7*VLOOKUP(C7,Constants!$A$6:$G$11,7,0))*Constants!$B$1,2)
A8: RK_RoyalRobe | B8: Fabric,Leathery | C8: Leathery | D8: 0.36 | E8: 0 | F8: 0 | G8: 0 | H8: =ROUND((E8+D8*VLOOKUP(C8,Constants!$A$6:$G$11,2,0))*Constants!$B$2,2) | I8: =ROUND((F8+D8*VLOOKUP(C8,Constants!$A$6:$G$11,3,0))*Constants!$B$2,2) | J8: =ROUND((G8+D8*VLOOKUP(C8,Constants!$A$6:$G$11,4,0))*Constants!$B$2,2) | K8: =ROUND((E8+D8*VLOOKUP(C8,Constants!$A$6:$G$11,5,0))*Constants!$B$1,2) | L8: =ROUND((F8+D8*VLOOKUP(C8,Constants!$A$6:$G$11,6,0))*Constants!$B$1,2) | M8: =ROUND((G8+D8*VLOOKUP(C8,Constants!$A$6:$G$11,7,0))*Constants!$B$1,2)
A9: RK_RoyalCrown | B9: Metallic | C9: Metallic | D9: 0 | E9: 0 | F9: 0 | G9: 0 | H9: =ROUND((E9+D9*VLOOKUP(C9,Constants!$A$6:$G$11,2,0))*Constants!$B$2,2) | I9: =ROUND((F9+D9*VLOOKUP(C9,Constants!$A$6:$G$11,3,0))*Constants!$B$2,2) | J9: =ROUND((G9+D9*VLOOKUP(C9,Constants!$A$6:$G$11,4,0))*Constants!$B$2,2) | K9: =ROUND((E9+D9*VLOOKUP(C9,Constants!$A$6:$G$11,5,0))*Constants!$B$1,2) | L9: =ROUND((F9+D9*VLOOKUP(C9,Constants!$A$6:$G$11,6,0))*Constants!$B$1,2) | M9: =ROUND((G9+D9*VLOOKUP(C9,Constants!$A$6:$G$11,7,0))*Constants!$B$1,2)
A10: RK_Apparel_Vacsuit | B10: Fixed | C10: Fixed | D10: 0 | E10: 0.52 | F10: 0.25 | G10: 0.66 | H10: =ROUND((E10+D10*VLOOKUP(C10,Constants!$A$6:$G$11,2,0))*Constants!$B$2,2) | I10: =ROUND((F10+D10*VLOOKUP(C10,Constants!$A$6:$G$11,3,0))*Constants!$B$2,2) | J10: =ROUND((G10+D10*VLOOKUP(C10,Constants!$A$6:$G$11,4,0))*Constants!$B$2,2) | K10: =ROUND((E10+D10*VLOOKUP(C10,Constants!$A$6:$G$11,5,0))*Constants!$B$1,2) | L10: =ROUND((F10+D10*VLOOKUP(C10,Constants!$A$6:$G$11,6,0))*Constants!$B$1,2) | M10: =ROUND((G10+D10*VLOOKUP(C10,Constants!$A$6:$G$11,7,0))*Constants!$B$1,2)
A11: RK_Apparel_VacsuitChildren | B11: Fixed | C11: Fixed | D11: 0 | E11: 0.52 | F11: 0.2 | G11: 0.66 | H11: =ROUND((E11+D11*VLOOKUP(C11,Constants!$A$6:$G$11,2,0))*Constants!$B$2,2) | I11: =ROUND((F11+D11*VLOOKUP(C11,Constants!$A$6:$G$11,3,0))*Constants!$B$2,2) | J11: =ROUND((G11+D11*VLOOKUP(C11,Constants!$A$6:$G$11,4,0))*Constants!$B$2,2) | K11: =ROUND((E11+D11*VLOOKUP(C11,Constants!$A$6:$G$11,5,0))*Constants!$B$1,2) | L11: =ROUND((F11+D11*VLOOKUP(C11,Constants!$A$6:$G$11,6,0))*Constants!$B$1,2) | M11: =ROUND((G11+D11*VLOOKUP(C11,Constants!$A$6:$G$11,7,0))*Constants!$B$1,2)
A12: RK_Apparel_SpaceArmor | B12: Fixed | C12: Fixed | D12: 0 | E12: 1 | F12: 0.5 | G12: 1 | H12: =ROUND((E12+D12*VLOOKUP(C12,Constants!$A$6:$G$11,2,0))*Constants!$B$2,2) | I12: =ROUND((F12+D12*VLOOKUP(C12,Constants!$A$6:$G$11,3,0))*Constants!$B$2,2) | J12: =ROUND((G12+D12*VLOOKUP(C12,Constants!$A$6:$G$11,4,0))*Constants!$B$2,2) | K12: =ROUND((E12+D12*VLOOKUP(C12,Constants!$A$6:$G$11,5,0))*Constants!$B$1,2) | L12: =ROUND((F12+D12*VLOOKUP(C12,Constants!$A$6:$G$11,6,0))*Constants!$B$1,2) | M12: =ROUND((G12+D12*VLOOKUP(C12,Constants!$A$6:$G$11,7,0))*Constants!$B$1,2)
A13: RK_CrossBack | B13: Fabric,Leathery | C13: Leathery | D13: 0 | E13: 0 | F13: 0 | G13: 0 | H13: =ROUND((E13+D13*VLOOKUP(C13,Constants!$A$6:$G$11,2,0))*Constants!$B$2,2) | I13: =ROUND((F13+D13*VLOOKUP(C13,Constants!$A$6:$G$11,3,0))*Constants!$B$2,2) | J13: =ROUND((G13+D13*VLOOKUP(C13,Constants!$A$6:$G$11,4,0))*Constants!$B$2,2) | K13: =ROUND((E13+D13*VLOOKUP(C13,Constants!$A$6:$G$11,5,0))*Constants!$B$1,2) | L13: =ROUND((F13+D13*VLOOKUP(C13,Constants!$A$6:$G$11,6,0))*Constants!$B$1,2) | M13: =ROUND((G13+D13*VLOOKUP(C13,Constants!$A$6:$G$11,7,0))*Constants!$B$1,2)
... A41: RK_HeadBand | B41: Fixed | C41: Fixed | D41: 0 | E41: 0 | F41: 0 | G41: 0.8 | H41: =ROUND((E41+D41*VLOOKUP(C41,Constants!$A$6:$G$11,2,0))*Constants!$B$2,2) | I41: =ROUND((F41+D41*VLOOKUP(C41,Constants!$A$6:$G$11,3,0))*Constants!$B$2,2) | J41: =ROUND((G41+D41*VLOOKUP(C41,Constants!$A$6:$G$11,4,0))*Constants!$B$2,2) | K41: =ROUND((E41+D41*VLOOKUP(C41,Constants!$A$6:$G$11,5,0))*Constants!$B$1,2) | L41: =ROUND((F41+D41*VLOOKUP(C41,Constants!$A$6:$G$11,6,0))*Constants!$B$1,2) | M41: =ROUND((G41+D41*VLOOKUP(C41,Constants!$A$6:$G$11,7,0))*Constants!$B$1,2)

Sheet Core
A1: defName | B1: stuffCategory | C1: categoryKey | D1: StuffEffectMult | E1: Base_S | F1: Base_B | G1: Base_H | H1: LowEnd_S | I1: LowEnd_B | J1: LowEnd_H | K1: HighEnd_S | L1: HighEnd_B | M1: HighEnd_H
A2: Apparel_CowboyHat | B2: Fabric,Leathery | C2: Leathery | D2: 0.2 | E2: 0 | F2: 0 | G2: 0 | H2: =ROUND((E2+D2*VLOOKUP(C2,Constants!$A$6:$G$11,2,0))*Constants!$B$2,2) | I2: =ROUND((F2+D2*VLOOKUP(C2,Constants!$A$6:$G$11,3,0))*Constants!$B$2,2) | J2: =ROUND((G2+D2*VLOOKUP(C2,Constants!$A$6:$G$11,4,0))*Constants!$B$2,2) | K2: =ROUND((E2+D2*VLOOKUP(C2,Constants!$A$6:$G$11,5,0))*Constants!$B$1,2) | L2: =ROUND((F2+D2*VLOOKUP(C2,Constants!$A$6:$G$11,6,0))*Constants!$B$1,2) | M2: =ROUND((G2+D2*VLOOKUP(C2,Constants!$A$6:$G$11,7,0))*Constants!$B$1,2)
A3: Apparel_BowlerHat | B3: Fabric,Leathery | C3: Leathery | D3: 0.2 | E3: 0 | F3: 0 | G3: 0 | H3: =ROUND((E3+D3*VLOOKUP(C3,Constants!$A$6:$G$11,2,0))*Constants!$B$2,2) | I3: =ROUND((F3+D3*VLOOKUP(C3,Constants!$A$6:$G$11,3,0))*Constants!$B$2,2) | J3: =ROUND((G3+D3*VLOOKUP(C3,Constants!$A$6:$G$11,4,0))*Constants!$B$2,2) | K3: =ROUND((E3+D3*VLOOKUP(C3,Constants!$A$6:$G$11,5,0))*Constants!$B$1,2) | L3: =ROUND((F3+D3*VLOOKUP(C3,Constants!$A$6:$G$11,6,0))*Constants!$B$1,2) | M3: =ROUND((G3+D3*VLOOKUP(C3,Constants!$A$6:$G$11,7,0))*Constants!$B$1,2)
A4: Apparel_TribalHeaddress | B4: Fabric | C4: Leathery | D4: 0.2 | E4: 0 | F4: 0 | G4: 0 | H4: =ROUND((E4+D4*VLOOKUP(C4,Constants!$A$6:$G$11,2,0))*Constants!$B$2,2) | I4: =ROUND((F4+D4*VLOOKUP(C4,Constants!$A$6:$G$11,3,0))*Constants!$B$2,2) | J4: =ROUND((G4+D4*VLOOKUP(C4,Constants!$A$6:$G$11,4,0))*Constants!$B$2,2) | K4: =ROUND((E4+D4*VLOOKUP(C4,Constants!$A$6:$G$11,5,0))*Constants!$B$1,2) | L4: =ROUND((F4+D4*VLOOKUP(C4,Constants!$A$6:$G$11,6,0))*Constants!$B$1,2) | M4: =ROUND((G4+D4*VLOOKUP(C4,Constants!$A$6:$G$11,7,0))*Constants!$B$1,2)
A5: Apparel_Tuque | B5: Fabric | C5: Leathery | D5: 0.2 | E5: 0 | F5: 0 | G5: 0 | H5: =ROUND((E5+D5*VLOOKUP(C5,Constants!$A$6:$G$11,2,0))*Constants!$B$2,2) | I5: =ROUND((F5+D5*VLOOKUP(C5,Constants!$A$6:$G$11,3,0))*Constants!$B$2,2) | J5: =ROUND((G5+D5*VLOOKUP(C5,Constants!$A$6:$G$11,4,0))*Constants!$B$2,2) | K5: =ROUND((E5+D5*VLOOKUP(C5,Constants!$A$6:$G$11,5,0))*Constants!$B$1,2) | L5: =ROUND((F5+D5*VLOOKUP(C5,Constants!$A$6:$G$11,6,0))*Constants!$B$1,2) | M5: =ROUND((G5+D5*VLOOKUP(C5,Constants!$A$6:$G$11,7,0))*Constants!$B$1,2)
A6: Apparel_SimpleHelmet | B6: Metallic | C6: Metallic | D6: 0.5 | E6: 0 | F6: 0 | G6: 0 | H6: =ROUND((E6+D6*VLOOKUP(C6,Constants!$A$6:$G$11,2,0))*Constants!$B$2,2) | I6: =ROUND((F6+D6*VLOOKUP(C6,Constants!$A$6:$G$11,3,0))*Constants!$B$2,2) | J6: =ROUND((G6+D6*VLOOKUP(C6,Constants!$A$6:$G$11,4,0))*Constants!$B$2,2) | K6: =ROUND((E6+D6*VLOOKUP(C6,Constants!$A$6:$G$11,5,0))*Constants!$B$1,2) | L6: =ROUND((F6+D6*VLOOKUP(C6,Constants!$A$6:$G$11,6,0))*Constants!$B$1,2) | M6: =ROUND((G6+D6*VLOOKUP(C6,Constants!$A$6:$G$11,7,0))*Constants!$B$1,2)
A7: Apparel_AdvancedHelmet | B7: Metallic | C7: Metallic | D7: 0.7 | E7: 0 | F7: 0 | G7: 0 | H7: =ROUND((E7+D7*VLOOKUP(C7,Constants!$A$6:$G$11,2,0))*Constants!$B$2,2) | I7: =ROUND((F7+D7*VLOOKUP(C7,Constants!$A$6:$G$11,3,0))*Constants!$B$2,2) | J7: =ROUND((G7+D7*VLOOKUP(C7,Constants!$A$6:$G$11,4,0))*Constants!$B$2,2) | K7: =ROUND((E7+D7*VLOOKUP(C7,Constants!$A$6:$G$11,5,0))*Constants!$B$1,2) | L7: =ROUND((F7+D7*VLOOKUP(C7,Constants!$A$6:$G$11,6,0))*Constants!$B$1,2) | M7: =ROUND((G7+D7*VLOOKUP(C7,Constants!$A$6:$G$11,7,0))*Constants!$B$1,2)
A8: Apparel_PsychicFoilHelmet | B8: Fixed | C8: Fixed | D8: 0 | E8: 0.09 | F8: 0.09 | G8: 0.27 | H8: =ROUND((E8+D8*VLOOKUP(C8,Constants!$A$6:$G$11,2,0))*Constants!$B$2,2) | I8: =ROUND((F8+D8*VLOOKUP(C8,Constants!$A$6:$G$11,3,0))*Constants!$B$2,2) | J8: =ROUND((G8+D8*VLOOKUP(C8,Constants!$A$6:$G$11,4,0))*Constants!$B$2,2) | K8: =ROUND((E8+D8*VLOOKUP(C8,Constants!$A$6:$G$11,5,0))*Constants!$B$1,2) | L8: =ROUND((F8+D8*VLOOKUP(C8,Constants!$A$6:$G$11,6,0))*Constants!$B$1,2) | M8: =ROUND((G8+D8*VLOOKUP(C8,Constants!$A$6:$G$11,7,0))*Constants!$B$1,2)
A9: Apparel_HatHood | B9: Fabric,Leathery | C9: Leathery | D9: 0.2 | E9: 0 | F9: 0 | G9: 0 | H9: =ROUND((E9+D9*VLOOKUP(C9,Constants!$A$6:$G$11,2,0))*Constants!$B$2,2) | I9: =ROUND((F9+D9*VLOOKUP(C9,Constants!$A$6:$G$11,3,0))*Constants!$B$2,2) | J9: =ROUND((G9+D9*VLOOKUP(C9,Constants!$A$6:$G$11,4,0))*Constants!$B$2,2) | K9: =ROUND((E9+D9*VLOOKUP(C9,Constants!$A$6:$G$11,5,0))*Constants!$B$1,2) | L9: =ROUND((F9+D9*VLOOKUP(C9,Constants!$A$6:$G$11,6,0))*Constants!$B$1,2) | M9: =ROUND((G9+D9*VLOOKUP(C9,Constants!$A$6:$G$11,7,0))*Constants!$B$1,2)
A10: Apparel_ClothMask | B10: Fabric | C10: Leathery | D10: 0.2 | E10: 0 | F10: 0 | G10: 0 | H10: =ROUND((E10+D10*VLOOKUP(C10,Constants!$A$6:$G$11,2,0))*Constants!$B$2,2) | I10: =ROUND((F10+D10*VLOOKUP(C10,Constants!$A$6:$G$11,3,0))*Constants!$B$2,2) | J10: =ROUND((G10+D10*VLOOKUP(C10,Constants!$A$6:$G$11,4,0))*Constants!$B$2,2) | K10: =ROUND((E10+D10*VLOOKUP(C10,Constants!$A$6:$G$11,5,0))*Constants!$B$1,2) | L10: =ROUND((F10+D10*VLOOKUP(C10,Constants!$A$6:$G$11,6,0))*Constants!$B$1,2) | M10: =ROUND((G10+D10*VLOOKUP(C10,Constants!$A$6:$G$11,7,0))*Constants!$B$1,2)
A11: Apparel_TribalA | B11: Fabric,Leathery | C11: Leathery | D11: 0.2 | E11: 0 | F11: 0 | G11: 0 | H11: =ROUND((E11+D11*VLOOKUP(C11,Constants!$A$6:$G$11,2,0))*Constants!$B$2,2) | I11: =ROUND((F11+D11*VLOOKUP(C11,Constants!$A$6:$G$11,3,0))*Constants!$B$2,2) | J11: =ROUND((G11+D11*VLOOKUP(C11,Constants!$A$6:$G$11,4,0))*Constants!$B$2,2) | K11: =ROUND((E11+D11*VLOOKUP(C11,Constants!$A$6:$G$11,5,0))*Constants!$B$1,2) | L11: =ROUND((F11+D11*VLOOKUP(C11,Constants!$A$6:$G$11,6,0))*Constants!$B$1,2) | M11: =ROUND((G11+D11*VLOOKUP(C11,Constants!$A$6:$G$11,7,0))*Constants!$B$1,2)
A12: Apparel_Parka | B12: Fabric,Leathery | C12: Leathery | D12: 0.2 | E12: 0 | F12: 0 | G12: 0 | H12: =ROUND((E12+D12*VLOOKUP(C12,Constants!$A$6:$G$11,2,0))*Constants!$B$2,2) | I12: =ROUND((F12+D12*VLOOKUP(C12,Constants!$A$6:$G$11,3,0))*Constants!$B$2,2) | J12: =ROUND((G12+D12*VLOOKUP(C12,Constants!$A$6:$G$11,4,0))*Constants!$B$2,2) | K12: =ROUND((E12+D12*VLOOKUP(C12,Constants!$A$6:$G$11,5,0))*Constants!$B$1,2) | L12: =ROUND((F12+D12*VLOOKUP(C12,Constants!$A$6:$G$11,6,0))*Constants!$B$1,2) | M12: =ROUND((G12+D12*VLOOKUP(C12,Constants!$A$6:$G$11,7,0))*Constants!$B$1,2)
A13: Apparel_Pants | B13: Fabric,Leathery | C13: Leathery | D13: 0.2 | E13: 0 | F13: 0 | G13: 0 | H13: =ROUND((E13+D13*VLOOKUP(C13,Constants!$A$6:$G$11,2,0))*Constants!$B$2,2) | I13: =ROUND((F13+D13*VLOOKUP(C13,Constants!$A$6:$G$11,3,0))*Constants!$B$2,2) | J13: =ROUND((G13+D13*VLOOKUP(C13,Constants!$A$6:$G$11,4,0))*Constants!$B$2,2) | K13: =ROUND((E13+D13*VLOOKUP(C13,Constants!$A$6:$G$11,5,0))*Constants!$B$1,2) | L13: =ROUND((F13+D13*VLOOKUP(C13,Constants!$A$6:$G$11,6,0))*Constants!$B$1,2) | M13: =ROUND((G13+D13*VLOOKUP(C13,Constants!$A$6:$G$11,7,0))*Constants!$B$1,2)
... A25: Apparel_Robe | B25: Fabric,Leathery | C25: Leathery | D25: 0.2 | E25: 0 | F25: 0 | G25: 0 | H25: =ROUND((E25+D25*VLOOKUP(C25,Constants!$A$6:$G$11,2,0))*Constants!$B$2,2) | I25: =ROUND((F25+D25*VLOOKUP(C25,Constants!$A$6:$G$11,3,0))*Constants!$B$2,2) | J25: =ROUND((G25+D25*VLOOKUP(C25,Constants!$A$6:$G$11,4,0))*Constants!$B$2,2) | K25: =ROUND((E25+D25*VLOOKUP(C25,Constants!$A$6:$G$11,5,0))*Constants!$B$1,2) | L25: =ROUND((F25+D25*VLOOKUP(C25,Constants!$A$6:$G$11,6,0))*Constants!$B$1,2) | M25: =ROUND((G25+D25*VLOOKUP(C25,Constants!$A$6:$G$11,7,0))*Constants!$B$1,2)

Sheet Royalty
A1: defName | B1: stuffCategory | C1: categoryKey | D1: StuffEffectMult | E1: Base_S | F1: Base_B | G1: Base_H | H1: LowEnd_S | I1: LowEnd_B | J1: LowEnd_H | K1: HighEnd_S | L1: HighEnd_B | M1: HighEnd_H
A2: Apparel_PsyfocusHelmet | B2: Fixed | C2: Fixed | D2: 0 | E2: 0.09 | F2: 0.09 | G2: 0.27 | H2: =ROUND((E2+D2*VLOOKUP(C2,Constants!$A$6:$G$11,2,0))*Constants!$B$2,2) | I2: =ROUND((F2+D2*VLOOKUP(C2,Constants!$A$6:$G$11,3,0))*Constants!$B$2,2) | J2: =ROUND((G2+D2*VLOOKUP(C2,Constants!$A$6:$G$11,4,0))*Constants!$B$2,2) | K2: =ROUND((E2+D2*VLOOKUP(C2,Constants!$A$6:$G$11,5,0))*Constants!$B$1,2) | L2: =ROUND((F2+D2*VLOOKUP(C2,Constants!$A$6:$G$11,6,0))*Constants!$B$1,2) | M2: =ROUND((G2+D2*VLOOKUP(C2,Constants!$A$6:$G$11,7,0))*Constants!$B$1,2)
A3: Apparel_EltexSkullcap | B3: Fixed | C3: Fixed | D3: 0 | E3: 0 | F3: 0 | G3: 0 | H3: =ROUND((E3+D3*VLOOKUP(C3,Constants!$A$6:$G$11,2,0))*Constants!$B$2,2) | I3: =ROUND((F3+D3*VLOOKUP(C3,Constants!$A$6:$G$11,3,0))*Constants!$B$2,2) | J3: =ROUND((G3+D3*VLOOKUP(C3,Constants!$A$6:$G$11,4,0))*Constants!$B$2,2) | K3: =ROUND((E3+D3*VLOOKUP(C3,Constants!$A$6:$G$11,5,0))*Constants!$B$1,2) | L3: =ROUND((F3+D3*VLOOKUP(C3,Constants!$A$6:$G$11,6,0))*Constants!$B$1,2) | M3: =ROUND((G3+D3*VLOOKUP(C3,Constants!$A$6:$G$11,7,0))*Constants!$B$1,2)
A4: Apparel_PsyfocusShirt | B4: Fixed | C4: Fixed | D4: 0 | E4: 0.07 | F4: 0 | G4: 0.04 | H4: =ROUND((E4+D4*VLOOKUP(C4,Constants!$A$6:$G$11,2,0))*Constants!$B$2,2) | I4: =ROUND((F4+D4*VLOOKUP(C4,Constants!$A$6:$G$11,3,0))*Constants!$B$2,2) | J4: =ROUND((G4+D4*VLOOKUP(C4,Constants!$A$6:$G$11,4,0))*Constants!$B$2,2) | K4: =ROUND((E4+D4*VLOOKUP(C4,Constants!$A$6:$G$11,5,0))*Constants!$B$1,2) | L4: =ROUND((F4+D4*VLOOKUP(C4,Constants!$A$6:$G$11,6,0))*Constants!$B$1,2) | M4: =ROUND((G4+D4*VLOOKUP(C4,Constants!$A$6:$G$11,7,0))*Constants!$B$1,2)
A5: Apparel_PsyfocusVest | B5: Fixed | C5: Fixed | D5: 0 | E5: 0.07 | F5: 0 | G5: 0.04 | H5: =ROUND((E5+D5*VLOOKUP(C5,Constants!$A$6:$G$11,2,0))*Constants!$B$2,2) | I5: =ROUND((F5+D5*VLOOKUP(C5,Constants!$A$6:$G$11,3,0))*Constants!$B$2,2) | J5: =ROUND((G5+D5*VLOOKUP(C5,Constants!$A$6:$G$11,4,0))*Constants!$B$2,2) | K5: =ROUND((E5+D5*VLOOKUP(C5,Constants!$A$6:$G$11,5,0))*Constants!$B$1,2) | L5: =ROUND((F5+D5*VLOOKUP(C5,Constants!$A$6:$G$11,6,0))*Constants!$B$1,2) | M5: =ROUND((G5+D5*VLOOKUP(C5,Constants!$A$6:$G$11,7,0))*Constants!$B$1,2)
A6: Apparel_PsyfocusRobe | B6: Fixed | C6: Fixed | D6: 0 | E6: 0.07 | F6: 0 | G6: 0.04 | H6: =ROUND((E6+D6*VLOOKUP(C6,Constants!$A$6:$G$11,2,0))*Constants!$B$2,2) | I6: =ROUND((F6+D6*VLOOKUP(C6,Constants!$A$6:$G$11,3,0))*Constants!$B$2,2) | J6: =ROUND((G6+D6*VLOOKUP(C6,Constants!$A$6:$G$11,4,0))*Constants!$B$2,2) | K6: =ROUND((E6+D6*VLOOKUP(C6,Constants!$A$6:$G$11,5,0))*Constants!$B$1,2) | L6: =ROUND((F6+D6*VLOOKUP(C6,Constants!$A$6:$G$11,6,0))*Constants!$B$1,2) | M6: =ROUND((G6+D6*VLOOKUP(C6,Constants!$A$6:$G$11,7,0))*Constants!$B$1,2)
A7: Apparel_ShirtRuffle | B7: Fabric,Leathery | C7: Leathery | D7: 0.2 | E7: 0 | F7: 0 | G7: 0 | H7: =ROUND((E7+D7*VLOOKUP(C7,Constants!$A$6:$G$11,2,0))*Constants!$B$2,2) | I7: =ROUND((F7+D7*VLOOKUP(C7,Constants!$A$6:$G$11,3,0))*Constants!$B$2,2) | J7: =ROUND((G7+D7*VLOOKUP(C7,Constants!$A$6:$G$11,4,0))*Constants!$B$2,2) | K7: =ROUND((E7+D7*VLOOKUP(C7,Constants!$A$6:$G$11,5,0))*Constants!$B$1,2) | L7: =ROUND((F7+D7*VLOOKUP(C7,Constants!$A$6:$G$11,6,0))*Constants!$B$1,2) | M7: =ROUND((G7+D7*VLOOKUP(C7,Constants!$A$6:$G$11,7,0))*Constants!$B$1,2)
A8: Apparel_Corset | B8: Fabric,Leathery | C8: Leathery | D8: 0.2 | E8: 0 | F8: 0 | G8: 0 | H8: =ROUND((E8+D8*VLOOKUP(C8,Constants!$A$6:$G$11,2,0))*Constants!$B$2,2) | I8: =ROUND((F8+D8*VLOOKUP(C8,Constants!$A$6:$G$11,3,0))*Constants!$B$2,2) | J8: =ROUND((G8+D8*VLOOKUP(C8,Constants!$A$6:$G$11,4,0))*Constants!$B$2,2) | K8: =ROUND((E8+D8*VLOOKUP(C8,Constants!$A$6:$G$11,5,0))*Constants!$B$1,2) | L8: =ROUND((F8+D8*VLOOKUP(C8,Constants!$A$6:$G$11,6,0))*Constants!$B$1,2) | M8: =ROUND((G8+D8*VLOOKUP(C8,Constants!$A$6:$G$11,7,0))*Constants!$B$1,2)
A9: Apparel_VestRoyal | B9: Fabric,Leathery | C9: Leathery | D9: 0.2 | E9: 0 | F9: 0 | G9: 0 | H9: =ROUND((E9+D9*VLOOKUP(C9,Constants!$A$6:$G$11,2,0))*Constants!$B$2,2) | I9: =ROUND((F9+D9*VLOOKUP(C9,Constants!$A$6:$G$11,3,0))*Constants!$B$2,2) | J9: =ROUND((G9+D9*VLOOKUP(C9,Constants!$A$6:$G$11,4,0))*Constants!$B$2,2) | K9: =ROUND((E9+D9*VLOOKUP(C9,Constants!$A$6:$G$11,5,0))*Constants!$B$1,2) | L9: =ROUND((F9+D9*VLOOKUP(C9,Constants!$A$6:$G$11,6,0))*Constants!$B$1,2) | M9: =ROUND((G9+D9*VLOOKUP(C9,Constants!$A$6:$G$11,7,0))*Constants!$B$1,2)
A10: Apparel_RobeRoyal | B10: Fabric,Leathery | C10: Leathery | D10: 0.2 | E10: 0 | F10: 0 | G10: 0 | H10: =ROUND((E10+D10*VLOOKUP(C10,Constants!$A$6:$G$11,2,0))*Constants!$B$2,2) | I10: =ROUND((F10+D10*VLOOKUP(C10,Constants!$A$6:$G$11,3,0))*Constants!$B$2,2) | J10: =ROUND((G10+D10*VLOOKUP(C10,Constants!$A$6:$G$11,4,0))*Constants!$B$2,2) | K10: =ROUND((E10+D10*VLOOKUP(C10,Constants!$A$6:$G$11,5,0))*Constants!$B$1,2) | L10: =ROUND((F10+D10*VLOOKUP(C10,Constants!$A$6:$G$11,6,0))*Constants!$B$1,2) | M10: =ROUND((G10+D10*VLOOKUP(C10,Constants!$A$6:$G$11,7,0))*Constants!$B$1,2)
A11: Apparel_HatLadies | B11: Fabric,Leathery | C11: Leathery | D11: 0 | E11: 0 | F11: 0 | G11: 0 | H11: =ROUND((E11+D11*VLOOKUP(C11,Constants!$A$6:$G$11,2,0))*Constants!$B$2,2) | I11: =ROUND((F11+D11*VLOOKUP(C11,Constants!$A$6:$G$11,3,0))*Constants!$B$2,2) | J11: =ROUND((G11+D11*VLOOKUP(C11,Constants!$A$6:$G$11,4,0))*Constants!$B$2,2) | K11: =ROUND((E11+D11*VLOOKUP(C11,Constants!$A$6:$G$11,5,0))*Constants!$B$1,2) | L11: =ROUND((F11+D11*VLOOKUP(C11,Constants!$A$6:$G$11,6,0))*Constants!$B$1,2) | M11: =ROUND((G11+D11*VLOOKUP(C11,Constants!$A$6:$G$11,7,0))*Constants!$B$1,2)
A12: Apparel_HatTop | B12: Fabric,Leathery | C12: Leathery | D12: 0 | E12: 0 | F12: 0 | G12: 0 | H12: =ROUND((E12+D12*VLOOKUP(C12,Constants!$A$6:$G$11,2,0))*Constants!$B$2,2) | I12: =ROUND((F12+D12*VLOOKUP(C12,Constants!$A$6:$G$11,3,0))*Constants!$B$2,2) | J12: =ROUND((G12+D12*VLOOKUP(C12,Constants!$A$6:$G$11,4,0))*Constants!$B$2,2) | K12: =ROUND((E12+D12*VLOOKUP(C12,Constants!$A$6:$G$11,5,0))*Constants!$B$1,2) | L12: =ROUND((F12+D12*VLOOKUP(C12,Constants!$A$6:$G$11,6,0))*Constants!$B$1,2) | M12: =ROUND((G12+D12*VLOOKUP(C12,Constants!$A$6:$G$11,7,0))*Constants!$B$1,2)
A13: Apparel_Coronet | B13: Metallic | C13: Metallic | D13: 0 | E13: 0 | F13: 0 | G13: 0 | H13: =ROUND((E13+D13*VLOOKUP(C13,Constants!$A$6:$G$11,2,0))*Constants!$B$2,2) | I13: =ROUND((F13+D13*VLOOKUP(C13,Constants!$A$6:$G$11,3,0))*Constants!$B$2,2) | J13: =ROUND((G13+D13*VLOOKUP(C13,Constants!$A$6:$G$11,4,0))*Constants!$B$2,2) | K13: =ROUND((E13+D13*VLOOKUP(C13,Constants!$A$6:$G$11,5,0))*Constants!$B$1,2) | L13: =ROUND((F13+D13*VLOOKUP(C13,Constants!$A$6:$G$11,6,0))*Constants!$B$1,2) | M13: =ROUND((G13+D13*VLOOKUP(C13,Constants!$A$6:$G$11,7,0))*Constants!$B$1,2)
... A24: Apparel_Gunlink | B24: Fixed | C24: Fixed | D24: 0 | E24: 0 | F24: 0 | G24: 0 | H24: =ROUND((E24+D24*VLOOKUP(C24,Constants!$A$6:$G$11,2,0))*Constants!$B$2,2) | I24: =ROUND((F24+D24*VLOOKUP(C24,Constants!$A$6:$G$11,3,0))*Constants!$B$2,2) | J24: =ROUND((G24+D24*VLOOKUP(C24,Constants!$A$6:$G$11,4,0))*Constants!$B$2,2) | K24: =ROUND((E24+D24*VLOOKUP(C24,Constants!$A$6:$G$11,5,0))*Constants!$B$1,2) | L24: =ROUND((F24+D24*VLOOKUP(C24,Constants!$A$6:$G$11,6,0))*Constants!$B$1,2) | M24: =ROUND((G24+D24*VLOOKUP(C24,Constants!$A$6:$G$11,7,0))*Constants!$B$1,2)

Sheet Ideology
A1: defName | B1: stuffCategory | C1: categoryKey | D1: StuffEffectMult | E1: Base_S | F1: Base_B | G1: Base_H | H1: LowEnd_S | I1: LowEnd_B | J1: LowEnd_H | K1: HighEnd_S | L1: HighEnd_B | M1: HighEnd_H
A2: Apparel_Headwrap | B2: Fabric | C2: Leathery | D2: 0.25 | E2: 0 | F2: 0 | G2: 0 | H2: =ROUND((E2+D2*VLOOKUP(C2,Constants!$A$6:$G$11,2,0))*Constants!$B$2,2) | I2: =ROUND((F2+D2*VLOOKUP(C2,Constants!$A$6:$G$11,3,0))*Constants!$B$2,2) | J2: =ROUND((G2+D2*VLOOKUP(C2,Constants!$A$6:$G$11,4,0))*Constants!$B$2,2) | K2: =ROUND((E2+D2*VLOOKUP(C2,Constants!$A$6:$G$11,5,0))*Constants!$B$1,2) | L2: =ROUND((F2+D2*VLOOKUP(C2,Constants!$A$6:$G$11,6,0))*Constants!$B$1,2) | M2: =ROUND((G2+D2*VLOOKUP(C2,Constants!$A$6:$G$11,7,0))*Constants!$B$1,2)
A3: Apparel_Slicecap | B3: Woody,Metallic | C3: Metallic | D3: 0.1 | E3: 0 | F3: 0 | G3: 0 | H3: =ROUND((E3+D3*VLOOKUP(C3,Constants!$A$6:$G$11,2,0))*Constants!$B$2,2) | I3: =ROUND((F3+D3*VLOOKUP(C3,Constants!$A$6:$G$11,3,0))*Constants!$B$2,2) | J3: =ROUND((G3+D3*VLOOKUP(C3,Constants!$A$6:$G$11,4,0))*Constants!$B$2,2) | K3: =ROUND((E3+D3*VLOOKUP(C3,Constants!$A$6:$G$11,5,0))*Constants!$B$1,2) | L3: =ROUND((F3+D3*VLOOKUP(C3,Constants!$A$6:$G$11,6,0))*Constants!$B$1,2) | M3: =ROUND((G3+D3*VLOOKUP(C3,Constants!$A$6:$G$11,7,0))*Constants!$B$1,2)
A4: Apparel_Collar | B4: Metallic,Leathery | C4: Metallic | D4: 0 | E4: 0 | F4: 0 | G4: 0 | H4: =ROUND((E4+D4*VLOOKUP(C4,Constants!$A$6:$G$11,2,0))*Constants!$B$2,2) | I4: =ROUND((F4+D4*VLOOKUP(C4,Constants!$A$6:$G$11,3,0))*Constants!$B$2,2) | J4: =ROUND((G4+D4*VLOOKUP(C4,Constants!$A$6:$G$11,4,0))*Constants!$B$2,2) | K4: =ROUND((E4+D4*VLOOKUP(C4,Constants!$A$6:$G$11,5,0))*Constants!$B$1,2) | L4: =ROUND((F4+D4*VLOOKUP(C4,Constants!$A$6:$G$11,6,0))*Constants!$B$1,2) | M4: =ROUND((G4+D4*VLOOKUP(C4,Constants!$A$6:$G$11,7,0))*Constants!$B$1,2)
A5: Apparel_AuthorityCap | B5: Fabric,Leathery | C5: Leathery | D5: 0.2 | E5: 0 | F5: 0 | G5: 0 | H5: =ROUND((E5+D5*VLOOKUP(C5,Constants!$A$6:$G$11,2,0))*Constants!$B$2,2) | I5: =ROUND((F5+D5*VLOOKUP(C5,Constants!$A$6:$G$11,3,0))*Constants!$B$2,2) | J5: =ROUND((G5+D5*VLOOKUP(C5,Constants!$A$6:$G$11,4,0))*Constants!$B$2,2) | K5: =ROUND((E5+D5*VLOOKUP(C5,Constants!$A$6:$G$11,5,0))*Constants!$B$1,2) | L5: =ROUND((F5+D5*VLOOKUP(C5,Constants!$A$6:$G$11,6,0))*Constants!$B$1,2) | M5: =ROUND((G5+D5*VLOOKUP(C5,Constants!$A$6:$G$11,7,0))*Constants!$B$1,2)
A6: Apparel_Tailcap | B6: Leathery | C6: Leathery | D6: 0.2 | E6: 0 | F6: 0 | G6: 0 | H6: =ROUND((E6+D6*VLOOKUP(C6,Constants!$A$6:$G$11,2,0))*Constants!$B$2,2) | I6: =ROUND((F6+D6*VLOOKUP(C6,Constants!$A$6:$G$11,3,0))*Constants!$B$2,2) | J6: =ROUND((G6+D6*VLOOKUP(C6,Constants!$A$6:$G$11,4,0))*Constants!$B$2,2) | K6: =ROUND((E6+D6*VLOOKUP(C6,Constants!$A$6:$G$11,5,0))*Constants!$B$1,2) | L6: =ROUND((F6+D6*VLOOKUP(C6,Constants!$A$6:$G$11,6,0))*Constants!$B$1,2) | M6: =ROUND((G6+D6*VLOOKUP(C6,Constants!$A$6:$G$11,7,0))*Constants!$B$1,2)
A7: Apparel_Shadecone | B7: Fabric,Leathery | C7: Leathery | D7: 0.2 | E7: 0 | F7: 0 | G7: 0 | H7: =ROUND((E7+D7*VLOOKUP(C7,Constants!$A$6:$G$11,2,0))*Constants!$B$2,2) | I7: =ROUND((F7+D7*VLOOKUP(C7,Constants!$A$6:$G$11,3,0))*Constants!$B$2,2) | J7: =ROUND((G7+D7*VLOOKUP(C7,Constants!$A$6:$G$11,4,0))*Constants!$B$2,2) | K7: =ROUND((E7+D7*VLOOKUP(C7,Constants!$A$6:$G$11,5,0))*Constants!$B$1,2) | L7: =ROUND((F7+D7*VLOOKUP(C7,Constants!$A$6:$G$11,6,0))*Constants!$B$1,2) | M7: =ROUND((G7+D7*VLOOKUP(C7,Constants!$A$6:$G$11,7,0))*Constants!$B$1,2)
A8: Apparel_Flophat | B8: Fabric | C8: Leathery | D8: 0.2 | E8: 0 | F8: 0 | G8: 0 | H8: =ROUND((E8+D8*VLOOKUP(C8,Constants!$A$6:$G$11,2,0))*Constants!$B$2,2) | I8: =ROUND((F8+D8*VLOOKUP(C8,Constants!$A$6:$G$11,3,0))*Constants!$B$2,2) | J8: =ROUND((G8+D8*VLOOKUP(C8,Constants!$A$6:$G$11,4,0))*Constants!$B$2,2) | K8: =ROUND((E8+D8*VLOOKUP(C8,Constants!$A$6:$G$11,5,0))*Constants!$B$1,2) | L8: =ROUND((F8+D8*VLOOKUP(C8,Constants!$A$6:$G$11,6,0))*Constants!$B$1,2) | M8: =ROUND((G8+D8*VLOOKUP(C8,Constants!$A$6:$G$11,7,0))*Constants!$B$1,2)
A9: Apparel_BodyStrap | B9: Fabric,Leathery | C9: Leathery | D9: 0.1 | E9: 0 | F9: 0 | G9: 0 | H9: =ROUND((E9+D9*VLOOKUP(C9,Constants!$A$6:$G$11,2,0))*Constants!$B$2,2) | I9: =ROUND((F9+D9*VLOOKUP(C9,Constants!$A$6:$G$11,3,0))*Constants!$B$2,2) | J9: =ROUND((G9+D9*VLOOKUP(C9,Constants!$A$6:$G$11,4,0))*Constants!$B$2,2) | K9: =ROUND((E9+D9*VLOOKUP(C9,Constants!$A$6:$G$11,5,0))*Constants!$B$1,2) | L9: =ROUND((F9+D9*VLOOKUP(C9,Constants!$A$6:$G$11,6,0))*Constants!$B$1,2) | M9: =ROUND((G9+D9*VLOOKUP(C9,Constants!$A$6:$G$11,7,0))*Constants!$B$1,2)
A10: Apparel_TortureCrown | B10: Metallic,Woody | C10: Metallic | D10: 0.15 | E10: 0 | F10: 0 | G10: 0 | H10: =ROUND((E10+D10*VLOOKUP(C10,Constants!$A$6:$G$11,2,0))*Constants!$B$2,2) | I10: =ROUND((F10+D10*VLOOKUP(C10,Constants!$A$6:$G$11,3,0))*Constants!$B$2,2) | J10: =ROUND((G10+D10*VLOOKUP(C10,Constants!$A$6:$G$11,4,0))*Constants!$B$2,2) | K10: =ROUND((E10+D10*VLOOKUP(C10,Constants!$A$6:$G$11,5,0))*Constants!$B$1,2) | L10: =ROUND((F10+D10*VLOOKUP(C10,Constants!$A$6:$G$11,6,0))*Constants!$B$1,2) | M10: =ROUND((G10+D10*VLOOKUP(C10,Constants!$A$6:$G$11,7,0))*Constants!$B$1,2)

Sheet Biotech
A1: defName | B1: stuffCategory | C1: categoryKey | D1: StuffEffectMult | E1: Base_S | F1: Base_B | G1: Base_H | H1: LowEnd_S | I1: LowEnd_B | J1: LowEnd_H | K1: HighEnd_S | L1: HighEnd_B | M1: HighEnd_H
A2: Apparel_KidRomper | B2: Fabric,Leathery | C2: Leathery | D2: 0.2 | E2: 0 | F2: 0 | G2: 0 | H2: =ROUND((E2+D2*VLOOKUP(C2,Constants!$A$6:$G$11,2,0))*Constants!$B$2,2) | I2: =ROUND((F2+D2*VLOOKUP(C2,Constants!$A$6:$G$11,3,0))*Constants!$B$2,2) | J2: =ROUND((G2+D2*VLOOKUP(C2,Constants!$A$6:$G$11,4,0))*Constants!$B$2,2) | K2: =ROUND((E2+D2*VLOOKUP(C2,Constants!$A$6:$G$11,5,0))*Constants!$B$1,2) | L2: =ROUND((F2+D2*VLOOKUP(C2,Constants!$A$6:$G$11,6,0))*Constants!$B$1,2) | M2: =ROUND((G2+D2*VLOOKUP(C2,Constants!$A$6:$G$11,7,0))*Constants!$B$1,2)
A3: Apparel_KidShirt | B3: Fabric,Leathery | C3: Leathery | D3: 0.2 | E3: 0 | F3: 0 | G3: 0 | H3: =ROUND((E3+D3*VLOOKUP(C3,Constants!$A$6:$G$11,2,0))*Constants!$B$2,2) | I3: =ROUND((F3+D3*VLOOKUP(C3,Constants!$A$6:$G$11,3,0))*Constants!$B$2,2) | J3: =ROUND((G3+D3*VLOOKUP(C3,Constants!$A$6:$G$11,4,0))*Constants!$B$2,2) | K3: =ROUND((E3+D3*VLOOKUP(C3,Constants!$A$6:$G$11,5,0))*Constants!$B$1,2) | L3: =ROUND((F3+D3*VLOOKUP(C3,Constants!$A$6:$G$11,6,0))*Constants!$B$1,2) | M3: =ROUND((G3+D3*VLOOKUP(C3,Constants!$A$6:$G$11,7,0))*Constants!$B$1,2)
A4: Apparel_KidPants | B4: Fabric,Leathery | C4: Leathery | D4: 0.2 | E4: 0 | F4: 0 | G4: 0 | H4: =ROUND((E4+D4*VLOOKUP(C4,Constants!$A$6:$G$11,2,0))*Constants!$B$2,2) | I4: =ROUND((F4+D4*VLOOKUP(C4,Constants!$A$6:$G$11,3,0))*Constants!$B$2,2) | J4: =ROUND((G4+D4*VLOOKUP(C4,Constants!$A$6:$G$11,4,0))*Constants!$B$2,2) | K4: =ROUND((E4+D4*VLOOKUP(C4,Constants!$A$6:$G$11,5,0))*Constants!$B$1,2) | L4: =ROUND((F4+D4*VLOOKUP(C4,Constants!$A$6:$G$11,6,0))*Constants!$B$1,2) | M4: =ROUND((G4+D4*VLOOKUP(C4,Constants!$A$6:$G$11,7,0))*Constants!$B$1,2)
A5: Apparel_KidParka | B5: Fabric,Leathery | C5: Leathery | D5: 0.2 | E5: 0 | F5: 0 | G5: 0 | H5: =ROUND((E5+D5*VLOOKUP(C5,Constants!$A$6:$G$11,2,0))*Constants!$B$2,2) | I5: =ROUND((F5+D5*VLOOKUP(C5,Constants!$A$6:$G$11,3,0))*Constants!$B$2,2) | J5: =ROUND((G5+D5*VLOOKUP(C5,Constants!$A$6:$G$11,4,0))*Constants!$B$2,2) | K5: =ROUND((E5+D5*VLOOKUP(C5,Constants!$A$6:$G$11,5,0))*Constants!$B$1,2) | L5: =ROUND((F5+D5*VLOOKUP(C5,Constants!$A$6:$G$11,6,0))*Constants!$B$1,2) | M5: =ROUND((G5+D5*VLOOKUP(C5,Constants!$A$6:$G$11,7,0))*Constants!$B$1,2)
A6: Apparel_KidTribal | B6: Fabric,Leathery | C6: Leathery | D6: 0.2 | E6: 0 | F6: 0 | G6: 0 | H6: =ROUND((E6+D6*VLOOKUP(C6,Constants!$A$6:$G$11,2,0))*Constants!$B$2,2) | I6: =ROUND((F6+D6*VLOOKUP(C6,Constants!$A$6:$G$11,3,0))*Constants!$B$2,2) | J6: =ROUND((G6+D6*VLOOKUP(C6,Constants!$A$6:$G$11,4,0))*Constants!$B$2,2) | K6: =ROUND((E6+D6*VLOOKUP(C6,Constants!$A$6:$G$11,5,0))*Constants!$B$1,2) | L6: =ROUND((F6+D6*VLOOKUP(C6,Constants!$A$6:$G$11,6,0))*Constants!$B$1,2) | M6: =ROUND((G6+D6*VLOOKUP(C6,Constants!$A$6:$G$11,7,0))*Constants!$B$1,2)
A7: Apparel_KidHelmet | B7: Metallic | C7: Metallic | D7: 0.5 | E7: 0 | F7: 0 | G7: 0 | H7: =ROUND((E7+D7*VLOOKUP(C7,Constants!$A$6:$G$11,2,0))*Constants!$B$2,2) | I7: =ROUND((F7+D7*VLOOKUP(C7,Constants!$A$6:$G$11,3,0))*Constants!$B$2,2) | J7: =ROUND((G7+D7*VLOOKUP(C7,Constants!$A$6:$G$11,4,0))*Constants!$B$2,2) | K7: =ROUND((E7+D7*VLOOKUP(C7,Constants!$A$6:$G$11,5,0))*Constants!$B$1,2) | L7: =ROUND((F7+D7*VLOOKUP(C7,Constants!$A$6:$G$11,6,0))*Constants!$B$1,2) | M7: =ROUND((G7+D7*VLOOKUP(C7,Constants!$A$6:$G$11,7,0))*Constants!$B$1,2)
A8: Apparel_AirwireHeadset | B8: Fixed | C8: Fixed | D8: 0 | E8: 0 | F8: 0 | G8: 0 | H8: =ROUND((E8+D8*VLOOKUP(C8,Constants!$A$6:$G$11,2,0))*Constants!$B$2,2) | I8: =ROUND((F8+D8*VLOOKUP(C8,Constants!$A$6:$G$11,3,0))*Constants!$B$2,2) | J8: =ROUND((G8+D8*VLOOKUP(C8,Constants!$A$6:$G$11,4,0))*Constants!$B$2,2) | K8: =ROUND((E8+D8*VLOOKUP(C8,Constants!$A$6:$G$11,5,0))*Constants!$B$1,2) | L8: =ROUND((F8+D8*VLOOKUP(C8,Constants!$A$6:$G$11,6,0))*Constants!$B$1,2) | M8: =ROUND((G8+D8*VLOOKUP(C8,Constants!$A$6:$G$11,7,0))*Constants!$B$1,2)
A9: Apparel_ArrayHeadset | B9: Fixed | C9: Fixed | D9: 0 | E9: 0 | F9: 0 | G9: 0 | H9: =ROUND((E9+D9*VLOOKUP(C9,Constants!$A$6:$G$11,2,0))*Constants!$B$2,2) | I9: =ROUND((F9+D9*VLOOKUP(C9,Constants!$A$6:$G$11,3,0))*Constants!$B$2,2) | J9: =ROUND((G9+D9*VLOOKUP(C9,Constants!$A$6:$G$11,4,0))*Constants!$B$2,2) | K9: =ROUND((E9+D9*VLOOKUP(C9,Constants!$A$6:$G$11,5,0))*Constants!$B$1,2) | L9: =ROUND((F9+D9*VLOOKUP(C9,Constants!$A$6:$G$11,6,0))*Constants!$B$1,2) | M9: =ROUND((G9+D9*VLOOKUP(C9,Constants!$A$6:$G$11,7,0))*Constants!$B$1,2)
A10: Apparel_IntegratorHeadset | B10: Fixed | C10: Fixed | D10: 0 | E10: 0 | F10: 0 | G10: 0 | H10: =ROUND((E10+D10*VLOOKUP(C10,Constants!$A$6:$G$11,2,0))*Constants!$B$2,2) | I10: =ROUND((F10+D10*VLOOKUP(C10,Constants!$A$6:$G$11,3,0))*Constants!$B$2,2) | J10: =ROUND((G10+D10*VLOOKUP(C10,Constants!$A$6:$G$11,4,0))*Constants!$B$2,2) | K10: =ROUND((E10+D10*VLOOKUP(C10,Constants!$A$6:$G$11,5,0))*Constants!$B$1,2) | L10: =ROUND((F10+D10*VLOOKUP(C10,Constants!$A$6:$G$11,6,0))*Constants!$B$1,2) | M10: =ROUND((G10+D10*VLOOKUP(C10,Constants!$A$6:$G$11,7,0))*Constants!$B$1,2)
A11: Apparel_HeavyShield | B11: Fixed | C11: Fixed | D11: 0 | E11: 0 | F11: 0 | G11: 0 | H11: =ROUND((E11+D11*VLOOKUP(C11,Constants!$A$6:$G$11,2,0))*Constants!$B$2,2) | I11: =ROUND((F11+D11*VLOOKUP(C11,Constants!$A$6:$G$11,3,0))*Constants!$B$2,2) | J11: =ROUND((G11+D11*VLOOKUP(C11,Constants!$A$6:$G$11,4,0))*Constants!$B$2,2) | K11: =ROUND((E11+D11*VLOOKUP(C11,Constants!$A$6:$G$11,5,0))*Constants!$B$1,2) | L11: =ROUND((F11+D11*VLOOKUP(C11,Constants!$A$6:$G$11,6,0))*Constants!$B$1,2) | M11: =ROUND((G11+D11*VLOOKUP(C11,Constants!$A$6:$G$11,7,0))*Constants!$B$1,2)
A12: Apparel_MechlordSuit | B12: Fixed | C12: Fixed | D12: 0 | E12: 0.92 | F12: 0.4 | G12: 0.46 | H12: =ROUND((E12+D12*VLOOKUP(C12,Constants!$A$6:$G$11,2,0))*Constants!$B$2,2) | I12: =ROUND((F12+D12*VLOOKUP(C12,Constants!$A$6:$G$11,3,0))*Constants!$B$2,2) | J12: =ROUND((G12+D12*VLOOKUP(C12,Constants!$A$6:$G$11,4,0))*Constants!$B$2,2) | K12: =ROUND((E12+D12*VLOOKUP(C12,Constants!$A$6:$G$11,5,0))*Constants!$B$1,2) | L12: =ROUND((F12+D12*VLOOKUP(C12,Constants!$A$6:$G$11,6,0))*Constants!$B$1,2) | M12: =ROUND((G12+D12*VLOOKUP(C12,Constants!$A$6:$G$11,7,0))*Constants!$B$1,2)
A13: Apparel_Bandolier | B13: Fabric,Leathery | C13: Leathery | D13: 0.1 | E13: 0 | F13: 0 | G13: 0 | H13: =ROUND((E13+D13*VLOOKUP(C13,Constants!$A$6:$G$11,2,0))*Constants!$B$2,2) | I13: =ROUND((F13+D13*VLOOKUP(C13,Constants!$A$6:$G$11,3,0))*Constants!$B$2,2) | J13: =ROUND((G13+D13*VLOOKUP(C13,Constants!$A$6:$G$11,4,0))*Constants!$B$2,2) | K13: =ROUND((E13+D13*VLOOKUP(C13,Constants!$A$6:$G$11,5,0))*Constants!$B$1,2) | L13: =ROUND((F13+D13*VLOOKUP(C13,Constants!$A$6:$G$11,6,0))*Constants!$B$1,2) | M13: =ROUND((G13+D13*VLOOKUP(C13,Constants!$A$6:$G$11,7,0))*Constants!$B$1,2)
A14: Apparel_Sash | B14: Fabric,Leathery | C14: Leathery | D14: 0.1 | E14: 0 | F14: 0 | G14: 0 | H14: =ROUND((E14+D14*VLOOKUP(C14,Constants!$A$6:$G$11,2,0))*Constants!$B$2,2) | I14: =ROUND((F14+D14*VLOOKUP(C14,Constants!$A$6:$G$11,3,0))*Constants!$B$2,2) | J14: =ROUND((G14+D14*VLOOKUP(C14,Constants!$A$6:$G$11,4,0))*Constants!$B$2,2) | K14: =ROUND((E14+D14*VLOOKUP(C14,Constants!$A$6:$G$11,5,0))*Constants!$B$1,2) | L14: =ROUND((F14+D14*VLOOKUP(C14,Constants!$A$6:$G$11,6,0))*Constants!$B$1,2) | M14: =ROUND((G14+D14*VLOOKUP(C14,Constants!$A$6:$G$11,7,0))*Constants!$B$1,2)

Sheet Anomaly
A1: defName | B1: stuffCategory | C1: categoryKey | D1: StuffEffectMult | E1: Base_S | F1: Base_B | G1: Base_H | H1: LowEnd_S | I1: LowEnd_B | J1: LowEnd_H | K1: HighEnd_S | L1: HighEnd_B | M1: HighEnd_H
A2: Apparel_LabCoat | B2: Fabric,Leathery | C2: Leathery | D2: 0.2 | E2: 0 | F2: 0 | G2: 0 | H2: =ROUND((E2+D2*VLOOKUP(C2,Constants!$A$6:$G$11,2,0))*Constants!$B$2,2) | I2: =ROUND((F2+D2*VLOOKUP(C2,Constants!$A$6:$G$11,3,0))*Constants!$B$2,2) | J2: =ROUND((G2+D2*VLOOKUP(C2,Constants!$A$6:$G$11,4,0))*Constants!$B$2,2) | K2: =ROUND((E2+D2*VLOOKUP(C2,Constants!$A$6:$G$11,5,0))*Constants!$B$1,2) | L2: =ROUND((F2+D2*VLOOKUP(C2,Constants!$A$6:$G$11,6,0))*Constants!$B$1,2) | M2: =ROUND((G2+D2*VLOOKUP(C2,Constants!$A$6:$G$11,7,0))*Constants!$B$1,2)

Sheet Odyssey
A1: defName | B1: stuffCategory | C1: categoryKey | D1: StuffEffectMult | E1: Base_S | F1: Base_B | G1: Base_H | H1: LowEnd_S | I1: LowEnd_B | J1: LowEnd_H | K1: HighEnd_S | L1: HighEnd_B | M1: HighEnd_H
A2: Apparel_Vacsuit | B2: Fixed | C2: Fixed | D2: 0 | E2: 0.52 | F2: 0.25 | G2: 0.66 | H2: =ROUND((E2+D2*VLOOKUP(C2,Constants!$A$6:$G$11,2,0))*Constants!$B$2,2) | I2: =ROUND((F2+D2*VLOOKUP(C2,Constants!$A$6:$G$11,3,0))*Constants!$B$2,2) | J2: =ROUND((G2+D2*VLOOKUP(C2,Constants!$A$6:$G$11,4,0))*Constants!$B$2,2) | K2: =ROUND((E2+D2*VLOOKUP(C2,Constants!$A$6:$G$11,5,0))*Constants!$B$1,2) | L2: =ROUND((F2+D2*VLOOKUP(C2,Constants!$A$6:$G$11,6,0))*Constants!$B$1,2) | M2: =ROUND((G2+D2*VLOOKUP(C2,Constants!$A$6:$G$11,7,0))*Constants!$B$1,2)
A3: Apparel_VacsuitChildren | B3: Fixed | C3: Fixed | D3: 0 | E3: 0.52 | F3: 0.2 | G3: 0.66 | H3: =ROUND((E3+D3*VLOOKUP(C3,Constants!$A$6:$G$11,2,0))*Constants!$B$2,2) | I3: =ROUND((F3+D3*VLOOKUP(C3,Constants!$A$6:$G$11,3,0))*Constants!$B$2,2) | J3: =ROUND((G3+D3*VLOOKUP(C3,Constants!$A$6:$G$11,4,0))*Constants!$B$2,2) | K3: =ROUND((E3+D3*VLOOKUP(C3,Constants!$A$6:$G$11,5,0))*Constants!$B$1,2) | L3: =ROUND((F3+D3*VLOOKUP(C3,Constants!$A$6:$G$11,6,0))*Constants!$B$1,2) | M3: =ROUND((G3+D3*VLOOKUP(C3,Constants!$A$6:$G$11,7,0))*Constants!$B$1,2)

Sheet Face
A1: defName | B1: stuffCategory | C1: categoryKey | D1: StuffEffectMult | E1: Base_S | F1: Base_B | G1: Base_H | H1: LowEnd_S | I1: LowEnd_B | J1: LowEnd_H | K1: HighEnd_S | L1: HighEnd_B | M1: HighEnd_H
A2: Apparel_WarMask | B2: Woody | C2: Woody | D2: 0.3 | E2: 0 | F2: 0 | G2: 0 | H2: =ROUND((E2+D2*VLOOKUP(C2,Constants!$A$6:$G$11,2,0))*Constants!$B$2,2) | I2: =ROUND((F2+D2*VLOOKUP(C2,Constants!$A$6:$G$11,3,0))*Constants!$B$2,2) | J2: =ROUND((G2+D2*VLOOKUP(C2,Constants!$A$6:$G$11,4,0))*Constants!$B$2,2) | K2: =ROUND((E2+D2*VLOOKUP(C2,Constants!$A$6:$G$11,5,0))*Constants!$B$1,2) | L2: =ROUND((F2+D2*VLOOKUP(C2,Constants!$A$6:$G$11,6,0))*Constants!$B$1,2) | M2: =ROUND((G2+D2*VLOOKUP(C2,Constants!$A$6:$G$11,7,0))*Constants!$B$1,2)
A3: Apparel_WarVeil | B3: Fabric | C3: Leathery | D3: 0.2 | E3: 0 | F3: 0 | G3: 0 | H3: =ROUND((E3+D3*VLOOKUP(C3,Constants!$A$6:$G$11,2,0))*Constants!$B$2,2) | I3: =ROUND((F3+D3*VLOOKUP(C3,Constants!$A$6:$G$11,3,0))*Constants!$B$2,2) | J3: =ROUND((G3+D3*VLOOKUP(C3,Constants!$A$6:$G$11,4,0))*Constants!$B$2,2) | K3: =ROUND((E3+D3*VLOOKUP(C3,Constants!$A$6:$G$11,5,0))*Constants!$B$1,2) | L3: =ROUND((F3+D3*VLOOKUP(C3,Constants!$A$6:$G$11,6,0))*Constants!$B$1,2) | M3: =ROUND((G3+D3*VLOOKUP(C3,Constants!$A$6:$G$11,7,0))*Constants!$B$1,2)
A4: Apparel_PowerArmorHelmet | B4: Fixed | C4: Fixed | D4: 0 | E4: 1.06 | F4: 0.45 | G4: 0.54 | H4: =ROUND((E4+D4*VLOOKUP(C4,Constants!$A$6:$G$11,2,0))*Constants!$B$2,2) | I4: =ROUND((F4+D4*VLOOKUP(C4,Constants!$A$6:$G$11,3,0))*Constants!$B$2,2) | J4: =ROUND((G4+D4*VLOOKUP(C4,Constants!$A$6:$G$11,4,0))*Constants!$B$2,2) | K4: =ROUND((E4+D4*VLOOKUP(C4,Constants!$A$6:$G$11,5,0))*Constants!$B$1,2) | L4: =ROUND((F4+D4*VLOOKUP(C4,Constants!$A$6:$G$11,6,0))*Constants!$B$1,2) | M4: =ROUND((G4+D4*VLOOKUP(C4,Constants!$A$6:$G$11,7,0))*Constants!$B$1,2)
A5: Apparel_ArmorHelmetRecon | B5: Fixed | C5: Fixed | D5: 0 | E5: 0.92 | F5: 0.4 | G5: 0.46 | H5: =ROUND((E5+D5*VLOOKUP(C5,Constants!$A$6:$G$11,2,0))*Constants!$B$2,2) | I5: =ROUND((F5+D5*VLOOKUP(C5,Constants!$A$6:$G$11,3,0))*Constants!$B$2,2) | J5: =ROUND((G5+D5*VLOOKUP(C5,Constants!$A$6:$G$11,4,0))*Constants!$B$2,2) | K5: =ROUND((E5+D5*VLOOKUP(C5,Constants!$A$6:$G$11,5,0))*Constants!$B$1,2) | L5: =ROUND((F5+D5*VLOOKUP(C5,Constants!$A$6:$G$11,6,0))*Constants!$B$1,2) | M5: =ROUND((G5+D5*VLOOKUP(C5,Constants!$A$6:$G$11,7,0))*Constants!$B$1,2)
A6: Apparel_ArmorHelmetReconPrestige | B6: Fixed | C6: Fixed | D6: 0 | E6: 0.92 | F6: 0.4 | G6: 0.46 | H6: =ROUND((E6+D6*VLOOKUP(C6,Constants!$A$6:$G$11,2,0))*Constants!$B$2,2) | I6: =ROUND((F6+D6*VLOOKUP(C6,Constants!$A$6:$G$11,3,0))*Constants!$B$2,2) | J6: =ROUND((G6+D6*VLOOKUP(C6,Constants!$A$6:$G$11,4,0))*Constants!$B$2,2) | K6: =ROUND((E6+D6*VLOOKUP(C6,Constants!$A$6:$G$11,5,0))*Constants!$B$1,2) | L6: =ROUND((F6+D6*VLOOKUP(C6,Constants!$A$6:$G$11,6,0))*Constants!$B$1,2) | M6: =ROUND((G6+D6*VLOOKUP(C6,Constants!$A$6:$G$11,7,0))*Constants!$B$1,2)
A7: Apparel_ArmorMarineHelmetPrestige | B7: Fixed | C7: Fixed | D7: 0 | E7: 1.06 | F7: 0.45 | G7: 0.54 | H7: =ROUND((E7+D7*VLOOKUP(C7,Constants!$A$6:$G$11,2,0))*Constants!$B$2,2) | I7: =ROUND((F7+D7*VLOOKUP(C7,Constants!$A$6:$G$11,3,0))*Constants!$B$2,2) | J7: =ROUND((G7+D7*VLOOKUP(C7,Constants!$A$6:$G$11,4,0))*Constants!$B$2,2) | K7: =ROUND((E7+D7*VLOOKUP(C7,Constants!$A$6:$G$11,5,0))*Constants!$B$1,2) | L7: =ROUND((F7+D7*VLOOKUP(C7,Constants!$A$6:$G$11,6,0))*Constants!$B$1,2) | M7: =ROUND((G7+D7*VLOOKUP(C7,Constants!$A$6:$G$11,7,0))*Constants!$B$1,2)
A8: Apparel_ArmorHelmetCataphract | B8: Fixed | C8: Fixed | D8: 0 | E8: 1.2 | F8: 0.5 | G8: 0.6 | H8: =ROUND((E8+D8*VLOOKUP(C8,Constants!$A$6:$G$11,2,0))*Constants!$B$2,2) | I8: =ROUND((F8+D8*VLOOKUP(C8,Constants!$A$6:$G$11,3,0))*Constants!$B$2,2) | J8: =ROUND((G8+D8*VLOOKUP(C8,Constants!$A$6:$G$11,4,0))*Constants!$B$2,2) | K8: =ROUND((E8+D8*VLOOKUP(C8,Constants!$A$6:$G$11,5,0))*Constants!$B$1,2) | L8: =ROUND((F8+D8*VLOOKUP(C8,Constants!$A$6:$G$11,6,0))*Constants!$B$1,2) | M8: =ROUND((G8+D8*VLOOKUP(C8,Constants!$A$6:$G$11,7,0))*Constants!$B$1,2)
A9: Apparel_ArmorHelmetCataphractPrestige | B9: Fixed | C9: Fixed | D9: 0 | E9: 1.2 | F9: 0.5 | G9: 0.6 | H9: =ROUND((E9+D9*VLOOKUP(C9,Constants!$A$6:$G$11,2,0))*Constants!$B$2,2) | I9: =ROUND((F9+D9*VLOOKUP(C9,Constants!$A$6:$G$11,3,0))*Constants!$B$2,2) | J9: =ROUND((G9+D9*VLOOKUP(C9,Constants!$A$6:$G$11,4,0))*Constants!$B$2,2) | K9: =ROUND((E9+D9*VLOOKUP(C9,Constants!$A$6:$G$11,5,0))*Constants!$B$1,2) | L9: =ROUND((F9+D9*VLOOKUP(C9,Constants!$A$6:$G$11,6,0))*Constants!$B$1,2) | M9: =ROUND((G9+D9*VLOOKUP(C9,Constants!$A$6:$G$11,7,0))*Constants!$B$1,2)
A10: Apparel_Broadwrap | B10: Fabric | C10: Leathery | D10: 0.25 | E10: 0 | F10: 0 | G10: 0 | H10: =ROUND((E10+D10*VLOOKUP(C10,Constants!$A$6:$G$11,2,0))*Constants!$B$2,2) | I10: =ROUND((F10+D10*VLOOKUP(C10,Constants!$A$6:$G$11,3,0))*Constants!$B$2,2) | J10: =ROUND((G10+D10*VLOOKUP(C10,Constants!$A$6:$G$11,4,0))*Constants!$B$2,2) | K10: =ROUND((E10+D10*VLOOKUP(C10,Constants!$A$6:$G$11,5,0))*Constants!$B$1,2) | L10: =ROUND((F10+D10*VLOOKUP(C10,Constants!$A$6:$G$11,6,0))*Constants!$B$1,2) | M10: =ROUND((G10+D10*VLOOKUP(C10,Constants!$A$6:$G$11,7,0))*Constants!$B$1,2)
A11: Apparel_VisageMask | B11: Woody,Metallic | C11: Metallic | D11: 0.3 | E11: 0 | F11: 0 | G11: 0 | H11: =ROUND((E11+D11*VLOOKUP(C11,Constants!$A$6:$G$11,2,0))*Constants!$B$2,2) | I11: =ROUND((F11+D11*VLOOKUP(C11,Constants!$A$6:$G$11,3,0))*Constants!$B$2,2) | J11: =ROUND((G11+D11*VLOOKUP(C11,Constants!$A$6:$G$11,4,0))*Constants!$B$2,2) | K11: =ROUND((E11+D11*VLOOKUP(C11,Constants!$A$6:$G$11,5,0))*Constants!$B$1,2) | L11: =ROUND((F11+D11*VLOOKUP(C11,Constants!$A$6:$G$11,6,0))*Constants!$B$1,2) | M11: =ROUND((G11+D11*VLOOKUP(C11,Constants!$A$6:$G$11,7,0))*Constants!$B$1,2)
A12: Apparel_Burka | B12: Fabric | C12: Leathery | D12: 0.2 | E12: 0 | F12: 0 | G12: 0 | H12: =ROUND((E12+D12*VLOOKUP(C12,Constants!$A$6:$G$11,2,0))*Constants!$B$2,2) | I12: =ROUND((F12+D12*VLOOKUP(C12,Constants!$A$6:$G$11,3,0))*Constants!$B$2,2) | J12: =ROUND((G12+D12*VLOOKUP(C12,Constants!$A$6:$G$11,4,0))*Constants!$B$2,2) | K12: =ROUND((E12+D12*VLOOKUP(C12,Constants!$A$6:$G$11,5,0))*Constants!$B$1,2) | L12: =ROUND((F12+D12*VLOOKUP(C12,Constants!$A$6:$G$11,6,0))*Constants!$B$1,2) | M12: =ROUND((G12+D12*VLOOKUP(C12,Constants!$A$6:$G$11,7,0))*Constants!$B$1,2)
A13: Apparel_Blindfold | B13: Fabric | C13: Leathery | D13: 0.1 | E13: 0 | F13: 0 | G13: 0 | H13: =ROUND((E13+D13*VLOOKUP(C13,Constants!$A$6:$G$11,2,0))*Constants!$B$2,2) | I13: =ROUND((F13+D13*VLOOKUP(C13,Constants!$A$6:$G$11,3,0))*Constants!$B$2,2) | J13: =ROUND((G13+D13*VLOOKUP(C13,Constants!$A$6:$G$11,4,0))*Constants!$B$2,2) | K13: =ROUND((E13+D13*VLOOKUP(C13,Constants!$A$6:$G$11,5,0))*Constants!$B$1,2) | L13: =ROUND((F13+D13*VLOOKUP(C13,Constants!$A$6:$G$11,6,0))*Constants!$B$1,2) | M13: =ROUND((G13+D13*VLOOKUP(C13,Constants!$A$6:$G$11,7,0))*Constants!$B$1,2)
... A29: RK_MaskB | B29: Metallic | C29: Metallic | D29: 0.6 | E29: 0.45 | F29: 0.25 | G29: 0.5 | H29: =ROUND((E29+D29*VLOOKUP(C29,Constants!$A$6:$G$11,2,0))*Constants!$B$2,2) | I29: =ROUND((F29+D29*VLOOKUP(C29,Constants!$A$6:$G$11,3,0))*Constants!$B$2,2) | J29: =ROUND((G29+D29*VLOOKUP(C29,Constants!$A$6:$G$11,4,0))*Constants!$B$2,2) | K29: =ROUND((E29+D29*VLOOKUP(C29,Constants!$A$6:$G$11,5,0))*Constants!$B$1,2) | L29: =ROUND((F29+D29*VLOOKUP(C29,Constants!$A$6:$G$11,6,0))*Constants!$B$1,2) | M29: =ROUND((G29+D29*VLOOKUP(C29,Constants!$A$6:$G$11,7,0))*Constants!$B$1,2)

Sheet Constants
A1: QualityLegendary | B1: 1.8
A2: QualityNormal | B2: 1
A3: (전설/평범 품질 계수, HighEnd/LowEnd)
A6: CategoryKey | B6: Low_S | C6: Low_B | D6: Low_H | E6: High_S | F6: High_B | G6: High_H
A7: Metallic | B7: 0.9 | C7: 0.45 | D7: 0.6 | E7: 1.14 | F7: 0.55 | G7: 0.65
A8: Leathery | B8: 0.81 | C8: 0.24 | D8: 1.5 | E8: 2.08 | F8: 0.36 | G8: 1.5
A9: Woody | B9: 0.54 | C9: 0.54 | D9: 0.4 | E9: 0.54 | F9: 0.54 | G9: 0.4
A10: Bioferrite | B10: 1.1 | C10: 0.5 | D10: 0.5 | E10: 1.1 | F10: 0.5 | G10: 0.5
A11: Fixed | B11: 0 | C11: 0 | D11: 0 | E11: 0 | F11: 0 | G11: 0
